Model,Training Accuracy,Test Accuracy,Overfitting
Random Forest,0.8653888888888889,0.6462222222222223,0.21916666666666662
XGBoost,0.6938333333333333,0.6928888888888889,0.0009444444444444144
LSTM,0.7752278447151184,0.7573398351669312,0.017888009548187256
