{
  "accuracy": [
    0.2356770783662796,
    0.2864583432674408,
    0.3450520932674408,
    0.40234375,
    0.41796875,
    0.4713541567325592,
    0.4739583432674408,
    0.5013020634651184,
    0.5104166865348816,
    0.52734375,
    0.5286458134651184,
    0.546875,
    0.5390625,
    0.55078125,
    0.5716145634651184,
    0.57421875,
    0.5768229365348816,
    0.5755208134651184,
    0.5963541865348816,
    0.6015625,
    0.5950520634651184,
    0.60546875,
    0.6419270634651184,
    0.6184895634651184,
    0.64453125,
    0.63671875,
    0.62109375,
    0.62890625,
    0.625,
    0.6510416865348816,
    0.609375,
    0.6328125,
    0.6705729365348816,
    0.65625,
    0.6471354365348816,
    0.6744791865348816,
    0.6627604365348816,
    0.6419270634651184,
    0.6497395634651184,
    0.65625,
    0.65625,
    0.6432291865348816,
    0.6484375,
    0.6627604365348816,
    0.6458333134651184,
    0.6653645634651184,
    0.6666666865348816,
    0.6731770634651184,
    0.6380208134651184,
    0.6458333134651184
  ],
  "val_accuracy": [
    0.3177083432674408,
    0.359375,
    0.453125,
    0.4270833432674408,
    0.4635416567325592,
    0.6145833134651184,
    0.6666666865348816,
    0.6614583134651184,
    0.671875,
    0.671875,
    0.640625,
    0.6666666865348816,
    0.6875,
    0.703125,
    0.671875,
    0.703125,
    0.6875,
    0.6979166865348816,
    0.6770833134651184,
    0.7083333134651184,
    0.7135416865348816,
    0.7083333134651184,
    0.7135416865348816,
    0.7083333134651184,
    0.7239583134651184,
    0.7239583134651184,
    0.734375,
    0.703125,
    0.7239583134651184,
    0.7135416865348816,
    0.703125,
    0.7291666865348816,
    0.7291666865348816,
    0.7239583134651184,
    0.7395833134651184,
    0.71875,
    0.734375,
    0.7395833134651184,
    0.734375,
    0.7447916865348816,
    0.7395833134651184,
    0.7447916865348816,
    0.7447916865348816,
    0.7447916865348816,
    0.7395833134651184,
    0.734375,
    0.7239583134651184,
    0.734375,
    0.7395833134651184,
    0.7395833134651184
  ],
  "loss": [
    1.73635733127594,
    1.631697177886963,
    1.5565344095230103,
    1.4292405843734741,
    1.370881199836731,
    1.3057516813278198,
    1.2663792371749878,
    1.219061017036438,
    1.2229416370391846,
    1.1692274808883667,
    1.1734403371810913,
    1.139901041984558,
    1.1224164962768555,
    1.1153804063796997,
    1.102895736694336,
    1.0671976804733276,
    1.07766592502594,
    1.0746111869812012,
    1.061557412147522,
    1.0474015474319458,
    1.0412627458572388,
    1.037611961364746,
    0.9625219702720642,
    1.0035089254379272,
    1.0076159238815308,
    0.9915594458580017,
    1.005432367324829,
    1.0328466892242432,
    0.9906755089759827,
    0.9910239577293396,
    1.0031476020812988,
    0.9577592015266418,
    0.9282381534576416,
    0.967181921005249,
    0.9851596355438232,
    0.9879209995269775,
    0.9576405882835388,
    0.9573788046836853,
    0.9408109188079834,
    0.9841557145118713,
    0.9306870102882385,
    0.953399658203125,
    0.9847974181175232,
    0.9467507004737854,
    0.9802164435386658,
    0.9283340573310852,
    0.9529082775115967,
    0.9118124842643738,
    1.007936716079712,
    0.9564547538757324
  ],
  "val_loss": [
    1.6109176874160767,
    1.5052671432495117,
    1.4297122955322266,
    1.3323227167129517,
    1.2474251985549927,
    1.1710855960845947,
    1.1276746988296509,
    1.0893430709838867,
    1.0835803747177124,
    1.0730085372924805,
    1.0681923627853394,
    1.0514119863510132,
    1.0528430938720703,
    1.0342463254928589,
    1.023318886756897,
    1.0385972261428833,
    1.0145944356918335,
    1.0054020881652832,
    1.0187116861343384,
    0.9850425720214844,
    0.9774129390716553,
    0.9886939525604248,
    0.993356466293335,
    0.9892206192016602,
    0.9797548651695251,
    0.9683590531349182,
    0.983549177646637,
    1.0035799741744995,
    0.977245569229126,
    0.9802340865135193,
    0.9827609658241272,
    0.9771261811256409,
    0.984650194644928,
    0.9811201095581055,
    0.9727748036384583,
    0.9834501147270203,
    0.9754445552825928,
    0.9793590903282166,
    0.9774045348167419,
    0.9778336882591248,
    0.9779140949249268,
    0.9688270092010498,
    0.969713032245636,
    0.9739590287208557,
    0.968974769115448,
    0.9678739905357361,
    0.9708506464958191,
    0.9725688099861145,
    0.9694218039512634,
    0.970508337020874
  ],
  "epochs": 50,
  "final_test_accuracy": 0.7416666746139526,
  "final_test_loss": 0.8011956810951233
}